,Student,Agent
0,0.058785,0.01283
1,0.05167666666666667,0.01283
2,0.04399,0.01283
3,0.042452,0.01283
4,0.041308333333333336,0.01283
