,Student,Agent
0,86.64610051993067,100
1,96.41386481802427,100
2,98.8797227036395,100
3,96.39722703639515,100
4,96.54766031195841,100
