,Student,KSPFF Student
0,0.02814,0.00416
1,0.14313,0.1466
2,0.26778,0.2921
3,0.36645,0.39844
4,0.44364,0.4762
